umovevuk,C3_SimpleBashUtils,2023-01-11
umovevuk,C2_s21_stringplus,2023-01-12
umovevuk,C5_s21_decimal,2023-01-13
umovevuk,C6_s21_matrix,2023-01-13
umovevuk,C7_SmartCalc_v1.0,2023-01-14
eguzogub,C3_SimpleBashUtils,2023-01-13
eguzogub,C2_s21_stringplus,2023-01-15
eguzogub,C5_s21_decimal,2023-01-16
eguzogub,C6_s21_matrix,2023-01-17
emanunog,C3_SimpleBashUtils,2023-01-14
emanunog,C2_s21_stringplus,2023-01-15
emanunog,C5_s21_decimal,2023-01-16
emanunog,C6_s21_matrix,2023-01-17
emanunog,C7_SmartCalc_v1.0,2023-01-18
emanunog,C8_3DViewer_v1.0,2023-01-19
emanunog,CPP1_s21_matrixplus,2023-01-20
emanunog,CPP2_s21_containers,2023-01-21
onabenov,C3_SimpleBashUtils,2023-01-11
onabenov,C2_s21_stringplus,2023-01-12
onabenov,C5_s21_decimal,2023-01-13
onabenov,C6_s21_matrix,2023-01-15
onabenov,C7_SmartCalc_v1.0,2023-01-16
onabenov,C8_3DViewer_v1.0,2023-01-17
onabenov,CPP1_s21_matrixplus,2023-01-18
onabenov,CPP2_s21_containers,2023-01-19
onabenov,CPP3_SmartCalc_v2.0,2023-01-20
onabenov,CPP4_3DViewer_v2.0,2023-01-21
onabenov,A1_Maze,2023-01-21
onabenov,A2_SimpleNavigator_v1.0,2023-01-23
enagaguk,C3_SimpleBashUtils,2023-01-15
enagaguk,C2_s21_stringplus,2023-01-16
enagaguk,C5_s21_decimal,2023-01-17
enagaguk,C6_s21_matrix,2023-01-17
ebogomem,C3_SimpleBashUtils,2023-01-13
ebogomem,C2_s21_stringplus,2023-01-14
ebogomem,C5_s21_decimal,2023-01-14
uvenokub,C3_SimpleBashUtils,2023-01-11
uvenokub,C2_s21_stringplus,2023-01-13
uvenokub,C5_s21_decimal,2023-01-14
enebegun,C3_SimpleBashUtils,2023-01-18
enebegun,C2_s21_stringplus,2023-02-03
enebegun,C5_s21_decimal,2023-03-13
enebegun,C6_s21_matrix,2023-04-21
enebegun,C7_SmartCalc_v1.0,2023-05-06
enebegun,C8_3DViewer_v1.0,2023-06-04
enebegun,CPP1_s21_matrixplus,2023-07-09
odudavam,C3_SimpleBashUtils,2023-01-21
onomuveb,C3_SimpleBashUtils,2023-01-21
ezukaked,C3_SimpleBashUtils,2023-01-15
uvamegum,C3_SimpleBashUtils,2023-01-14
uvamegum,C2_s21_stringplus,2023-02-09
uvamegum,C5_s21_decimal,2023-03-14
uvamegum,C6_s21_matrix,2023-04-16
uvamegum,C7_SmartCalc_v1.0,2023-05-25
uvamegum,C8_3DViewer_v1.0,2023-06-16
uvamegum,CPP1_s21_matrixplus,2023-07-23
uvamegum,CPP2_s21_containers,2023-08-10
odekumek,C3_SimpleBashUtils,2023-01-27
odekumek,C2_s21_stringplus,2023-02-11
odekumek,C5_s21_decimal,2023-03-17
odekumek,C6_s21_matrix,2023-04-28
odekumek,C7_SmartCalc_v1.0,2023-05-06
aduganuz,C3_SimpleBashUtils,2023-01-25
evadagok,C3_SimpleBashUtils,2023-01-11
evadagok,C2_s21_stringplus,2023-02-27
evadagok,C5_s21_decimal,2023-03-16
evadagok,C6_s21_matrix,2023-04-10
evadagok,C7_SmartCalc_v1.0,2023-05-01
eganavud,C3_SimpleBashUtils,2023-01-16
eganavud,C2_s21_stringplus,2023-02-01
eganavud,C5_s21_decimal,2023-03-06
obebadon,C3_SimpleBashUtils,2023-01-10
obebadon,C2_s21_stringplus,2023-02-26
obebadon,C5_s21_decimal,2023-03-10
obebadon,C6_s21_matrix,2023-04-28
obebadon,C7_SmartCalc_v1.0,2023-05-27
obebadon,C8_3DViewer_v1.0,2023-06-27
ozekegog,C3_SimpleBashUtils,2023-01-27
ozekegog,C2_s21_stringplus,2023-02-08
ozekegog,C5_s21_decimal,2023-03-28
ekuganun,C3_SimpleBashUtils,2023-01-12
ekuganun,C2_s21_stringplus,2023-02-01
ekuganun,C5_s21_decimal,2023-03-08
ekuganun,C6_s21_matrix,2023-04-22
umogomed,C3_SimpleBashUtils,2023-01-19
evudumen,C3_SimpleBashUtils,2023-01-25
evudumen,C2_s21_stringplus,2023-02-23
evudumen,C5_s21_decimal,2023-03-09
evudumen,C6_s21_matrix,2023-04-27
evudumen,C7_SmartCalc_v1.0,2023-05-26
evudumen,C8_3DViewer_v1.0,2023-06-27
evudumen,CPP1_s21_matrixplus,2023-07-22
agodemez,C3_SimpleBashUtils,2023-01-26
ezonodug,C3_SimpleBashUtils,2023-01-13
ezonodug,C2_s21_stringplus,2023-02-24
uzononeg,C3_SimpleBashUtils,2023-01-08
agekodad,C3_SimpleBashUtils,2023-01-05
agekodad,C2_s21_stringplus,2023-02-21
onazavoz,C3_SimpleBashUtils,2023-01-18
onazavoz,C2_s21_stringplus,2023-02-24
onazavoz,C5_s21_decimal,2023-03-04
onazavoz,C6_s21_matrix,2023-04-09
ekonenez,C3_SimpleBashUtils,2023-01-15
ekonenez,C2_s21_stringplus,2023-02-22
ekonenez,C5_s21_decimal,2023-03-18
azugonen,C3_SimpleBashUtils,2023-01-26
azugonen,C2_s21_stringplus,2023-02-23
anonokom,C3_SimpleBashUtils,2023-01-13
anonokom,C2_s21_stringplus,2023-02-17
anonokom,C5_s21_decimal,2023-03-05
anonokom,C6_s21_matrix,2023-04-09
anonokom,C7_SmartCalc_v1.0,2023-05-22
anonokom,C8_3DViewer_v1.0,2023-06-11
anonokom,CPP1_s21_matrixplus,2023-07-14
anonokom,CPP2_s21_containers,2023-08-25
onagumob,C3_SimpleBashUtils,2023-01-28
onagumob,C2_s21_stringplus,2023-02-26
onagumob,C5_s21_decimal,2023-03-06
ogabegeb,C3_SimpleBashUtils,2023-01-19
ogabegeb,C2_s21_stringplus,2023-02-14
ogabegeb,C5_s21_decimal,2023-03-06
ogabegeb,C6_s21_matrix,2023-04-22
ogabegeb,C7_SmartCalc_v1.0,2023-05-23
avuvoduk,C3_SimpleBashUtils,2023-01-08
ovukaded,C3_SimpleBashUtils,2023-01-13
ovukaded,C2_s21_stringplus,2023-02-01
ovukaded,C5_s21_decimal,2023-03-14
uvogevag,C3_SimpleBashUtils,2023-01-10
ezoveven,C3_SimpleBashUtils,2023-01-03
ezoveven,C2_s21_stringplus,2023-02-11
ezoveven,C5_s21_decimal,2023-03-14
ezoveven,C6_s21_matrix,2023-04-24
ezoveven,C7_SmartCalc_v1.0,2023-05-13
ezoveven,C8_3DViewer_v1.0,2023-06-24
ezoveven,CPP1_s21_matrixplus,2023-07-15
ezoveven,CPP2_s21_containers,2023-08-06
ezoveven,CPP3_SmartCalc_v2.0,2023-09-27
ezoveven,CPP4_3DViewer_v2.0,2023-10-03
ezoveven,A1_Maze,2023-11-22
onenozeb,C3_SimpleBashUtils,2023-01-16
agenoged,C3_SimpleBashUtils,2023-01-13
agenoged,C2_s21_stringplus,2023-02-26
agenoged,C5_s21_decimal,2023-03-24
agenoged,C6_s21_matrix,2023-04-16
agenoged,C7_SmartCalc_v1.0,2023-05-13
agenoged,C8_3DViewer_v1.0,2023-06-06
ogazedum,C3_SimpleBashUtils,2023-01-28
ozakubad,C3_SimpleBashUtils,2023-01-07
ozakubad,C2_s21_stringplus,2023-02-16
evomudaz,C3_SimpleBashUtils,2023-01-14
evomudaz,C2_s21_stringplus,2023-02-08
evomudaz,C5_s21_decimal,2023-03-02
evomudaz,C6_s21_matrix,2023-04-16
evomudaz,C7_SmartCalc_v1.0,2023-05-19
evomudaz,C8_3DViewer_v1.0,2023-06-21
evomudaz,CPP1_s21_matrixplus,2023-07-05
uvogeman,C3_SimpleBashUtils,2023-01-11
onebevog,C3_SimpleBashUtils,2023-01-28
onebevog,C2_s21_stringplus,2023-02-06
ozomegaz,C3_SimpleBashUtils,2023-01-04
ozomegaz,C2_s21_stringplus,2023-02-22
ozomegaz,C5_s21_decimal,2023-03-17
ozomegaz,C6_s21_matrix,2023-04-07
ozomegaz,C7_SmartCalc_v1.0,2023-05-13
ozomegaz,C8_3DViewer_v1.0,2023-06-27
udaguvom,C3_SimpleBashUtils,2023-01-26
udaguvom,C2_s21_stringplus,2023-02-16
udaguvom,C5_s21_decimal,2023-03-22
udaguvom,C6_s21_matrix,2023-04-18
udaguvom,C7_SmartCalc_v1.0,2023-05-03
udaguvom,C8_3DViewer_v1.0,2023-06-06
udaguvom,CPP1_s21_matrixplus,2023-07-16
udaguvom,CPP2_s21_containers,2023-08-17
udaguvom,CPP3_SmartCalc_v2.0,2023-09-18
udaguvom,CPP4_3DViewer_v2.0,2023-10-10
udaguvom,A1_Maze,2023-11-17
udaguvom,A2_SimpleNavigator_v1.0,2023-12-23
egogakem,C3_SimpleBashUtils,2023-01-22
akagozav,C3_SimpleBashUtils,2023-01-19
akagozav,C2_s21_stringplus,2023-02-08
akagozav,C5_s21_decimal,2023-03-01
ababozom,C3_SimpleBashUtils,2023-01-03
ababozom,C2_s21_stringplus,2023-02-21
ababozom,C5_s21_decimal,2023-03-04
ababozom,C6_s21_matrix,2023-04-11
ebebudun,C3_SimpleBashUtils,2023-01-25
ebebudun,C2_s21_stringplus,2023-02-06
ebebudun,C5_s21_decimal,2023-03-28
ekomagog,C3_SimpleBashUtils,2023-01-26
ekomagog,C2_s21_stringplus,2023-02-02
ekomagog,C5_s21_decimal,2023-03-24
ekomagog,C6_s21_matrix,2023-04-19
ekomagog,C7_SmartCalc_v1.0,2023-05-08
ekomagog,C8_3DViewer_v1.0,2023-06-04
ekomagog,CPP1_s21_matrixplus,2023-07-03
aveduzem,C3_SimpleBashUtils,2023-01-16
aveduzem,C2_s21_stringplus,2023-02-06
aveduzem,C5_s21_decimal,2023-03-24
aveduzem,C6_s21_matrix,2023-04-02
aveduzem,C7_SmartCalc_v1.0,2023-05-24
aveduzem,C8_3DViewer_v1.0,2023-06-19
aveduzem,CPP1_s21_matrixplus,2023-07-12
aveduzem,CPP2_s21_containers,2023-08-11
azokenem,C3_SimpleBashUtils,2023-01-02
azokenem,C2_s21_stringplus,2023-02-02
azokenem,C5_s21_decimal,2023-03-26
azokenem,C6_s21_matrix,2023-04-13
azokenem,C7_SmartCalc_v1.0,2023-05-06
azokenem,C8_3DViewer_v1.0,2023-06-14
obegenak,C3_SimpleBashUtils,2023-01-10
obegenak,C2_s21_stringplus,2023-02-11
obegenak,C5_s21_decimal,2023-03-12
obegenak,C6_s21_matrix,2023-04-04
obegenak,C7_SmartCalc_v1.0,2023-05-16
obegenak,C8_3DViewer_v1.0,2023-06-26
obegenak,CPP1_s21_matrixplus,2023-07-02
obegenak,CPP2_s21_containers,2023-08-25
agevedum,C3_SimpleBashUtils,2023-01-19
enobuvev,C3_SimpleBashUtils,2023-01-28
enobuvev,C2_s21_stringplus,2023-02-06
enobuvev,C5_s21_decimal,2023-03-14
enobuvev,C6_s21_matrix,2023-04-02
enobuvev,C7_SmartCalc_v1.0,2023-05-01
enobuvev,C8_3DViewer_v1.0,2023-06-08
enobuvev,CPP1_s21_matrixplus,2023-07-11
enobuvev,CPP2_s21_containers,2023-08-04
enobuvev,CPP3_SmartCalc_v2.0,2023-09-14
enobuvev,CPP4_3DViewer_v2.0,2023-10-19
enobuvev,A1_Maze,2023-11-28
enobuvev,A2_SimpleNavigator_v1.0,2023-12-23
abavazav,C3_SimpleBashUtils,2023-01-28
abavazav,C2_s21_stringplus,2023-02-12
omanubog,C3_SimpleBashUtils,2023-01-15
anakamad,C3_SimpleBashUtils,2023-01-12
anakamad,C2_s21_stringplus,2023-02-26
anakamad,C5_s21_decimal,2023-03-25
anakamad,C6_s21_matrix,2023-04-19
anakamad,C7_SmartCalc_v1.0,2023-05-16
anakamad,C8_3DViewer_v1.0,2023-06-13
anakamad,CPP1_s21_matrixplus,2023-07-10
onubezem,C3_SimpleBashUtils,2023-01-27
ugogegeg,C3_SimpleBashUtils,2023-01-07
agabanab,C3_SimpleBashUtils,2023-01-20
agabanab,C2_s21_stringplus,2023-02-24
agabanab,C5_s21_decimal,2023-03-18
agabanab,C6_s21_matrix,2023-04-07
agabanab,C7_SmartCalc_v1.0,2023-05-23
agabanab,C8_3DViewer_v1.0,2023-06-06
umenuvem,C3_SimpleBashUtils,2023-01-13
umenuvem,C2_s21_stringplus,2023-02-02
umenuvem,C5_s21_decimal,2023-03-15
ogugudov,C3_SimpleBashUtils,2023-01-05
ogugudov,C2_s21_stringplus,2023-02-23
ogugudov,C5_s21_decimal,2023-03-19
ogugudov,C6_s21_matrix,2023-04-08
ogugudov,C7_SmartCalc_v1.0,2023-05-10
ogugudov,C8_3DViewer_v1.0,2023-06-23
akezedod,C3_SimpleBashUtils,2023-01-21
akezedod,C2_s21_stringplus,2023-02-10
akezedod,C5_s21_decimal,2023-03-21
onanovuv,C3_SimpleBashUtils,2023-01-02
onanovuv,C2_s21_stringplus,2023-02-10
onanovuv,C5_s21_decimal,2023-03-16
onanovuv,C6_s21_matrix,2023-04-08
onanovuv,C7_SmartCalc_v1.0,2023-05-05
obudokoz,C3_SimpleBashUtils,2023-01-03
obudokoz,C2_s21_stringplus,2023-02-01
obudokoz,C5_s21_decimal,2023-03-02
obudokoz,C6_s21_matrix,2023-04-25
obudokoz,C7_SmartCalc_v1.0,2023-05-05
azogumug,C3_SimpleBashUtils,2023-01-25
okodavav,C3_SimpleBashUtils,2023-01-14
uvazazed,C3_SimpleBashUtils,2023-01-01
uvazazed,C2_s21_stringplus,2023-02-20
evadakud,C3_SimpleBashUtils,2023-01-05
abobator,C3_SimpleBashUtils,2023-05-06
bobagovr,C3_SimpleBashUtils,2023-06-07
