umovevuk,avegumad
umovevuk,agukovon
eguzogub,avegumad
eguzogub,agukovon
eguzogub,evadakud
eguzogub,uvazazed
eguzogub,okodavav
eguzogub,odokudag
emanunog,avegumad
emanunog,agukovon
onabenov,avegumad
onabenov,agukovon
enagaguk,avegumad
enagaguk,agukovon
enagaguk,evadakud
enagaguk,uvazazed
ebogomem,avegumad
ebogomem,agukovon
uvenokub,avegumad
uvenokub,agukovon
ozovenob,avegumad
ozovenob,agukovon
ozovenob,evadakud
enebegun,avegumad
enebegun,agukovon
enebegun,evadakud
enebegun,uvazazed
enebegun,okodavav
enebegun,odokudag
ugemagum,avegumad
ugemagum,agukovon
omemabev,avegumad
omemabev,agukovon
omemabev,evadakud
odudavam,avegumad
odudavam,agukovon
emekokuv,avegumad
emekokuv,agukovon
emekokuv,evadakud
emekokuv,uvazazed
emekokuv,okodavav
emekokuv,odokudag
emekokuv,udanevob
emekokuv,unekugum
onomuveb,avegumad
onomuveb,agukovon
onomuveb,evadakud
onomuveb,uvazazed
onomuveb,okodavav
ododamon,avegumad
ododamon,agukovon
ododamon,evadakud
ododamon,uvazazed
ezukaked,avegumad
ezukaked,agukovon
ezukaked,evadakud
ezukaked,uvazazed
ezukaked,okodavav
ezukaked,odokudag
uvamegum,avegumad
uvamegum,agukovon
uvamegum,evadakud
uvamegum,uvazazed
odekumek,avegumad
odekumek,agukovon
edagebad,avegumad
edagebad,agukovon
edagebad,evadakud
edagebad,uvazazed
egogozod,avegumad
egogozod,agukovon
egogozod,evadakud
egogozod,uvazazed
egogozod,okodavav
egogozod,odokudag
egogozod,udanevob
egogozod,unekugum
egogozod,azogumug
egogozod,obudokoz
egogozod,onanovuv
aduganuz,avegumad
aduganuz,agukovon
evadagok,avegumad
evadagok,agukovon
eganavud,avegumad
eganavud,agukovon
eganavud,evadakud
eganavud,uvazazed
obebadon,avegumad
obebadon,agukovon
obebadon,evadakud
obebadon,uvazazed
obebadon,okodavav
ozekegog,avegumad
ozekegog,agukovon
adezomom,avegumad
adezomom,agukovon
adezomom,evadakud
adezomom,uvazazed
unedadab,avegumad
unedadab,agukovon
unedadab,evadakud
unedadab,uvazazed
unedadab,okodavav
unedadab,odokudag
unedadab,udanevob
unedadab,unekugum
unedadab,azogumug
unedadab,obudokoz
unedadab,onanovuv
egevozuv,avegumad
egevozuv,agukovon
ekuganun,avegumad
ekuganun,agukovon
ekuganun,evadakud
umogomed,avegumad
umogomed,agukovon
umogomed,evadakud
adozomak,avegumad
adozomak,agukovon
adozomak,evadakud
adozomak,uvazazed
adozomak,okodavav
adozomak,odokudag
ukagonob,avegumad
ukagonob,agukovon
ovovanuk,avegumad
ovovanuk,agukovon
ovovanuk,evadakud
ovovanuk,uvazazed
ovovanuk,okodavav
ovovanuk,odokudag
ovovanuk,udanevob
ovovanuk,unekugum
ovovanuk,azogumug
ovovanuk,obudokoz
ovovanuk,onanovuv
evudumen,avegumad
evudumen,agukovon
agodemez,avegumad
agodemez,agukovon
agodemez,evadakud
agodemez,uvazazed
agodemez,okodavav
agodemez,odokudag
agodemez,udanevob
ezonodug,avegumad
ezonodug,agukovon
uzononeg,avegumad
uzononeg,agukovon
uzononeg,evadakud
agekodad,avegumad
agekodad,agukovon
agekodad,evadakud
agekodad,uvazazed
agekodad,okodavav
onazavoz,avegumad
onazavoz,agukovon
onazavoz,evadakud
onazavoz,uvazazed
onazavoz,okodavav
ekonenez,avegumad
ekonenez,agukovon
ekonenez,evadakud
ekonenez,uvazazed
ekonenez,okodavav
ekonenez,odokudag
ekonenez,udanevob
ekonenez,unekugum
azugonen,avegumad
azugonen,agukovon
azugonen,evadakud
azugonen,uvazazed
anonokom,avegumad
anonokom,agukovon
onagumob,avegumad
onagumob,agukovon
onagumob,evadakud
onagumob,uvazazed
unedodad,avegumad
unedodad,agukovon
unedodad,evadakud
unedodad,uvazazed
avunovak,avegumad
avunovak,agukovon
avunovak,evadakud
ogabegeb,avegumad
ogabegeb,agukovon
ogabegeb,evadakud
ogabegeb,uvazazed
ogabegeb,okodavav
ogabegeb,odokudag
avuvoduk,avegumad
avuvoduk,agukovon
ovukaded,avegumad
ovukaded,agukovon
ovukaded,evadakud
ovukaded,uvazazed
ovukaded,okodavav
ovukaded,odokudag
ovukaded,udanevob
ovukaded,unekugum
ovukaded,azogumug
ovukaded,obudokoz
